fcidcode,consumed_mean,inedible_mean,fl_mean,FLper100gram,fcid_desc,Foodgroup_FCID,my_sum,my_consumed_sum,my_inedible_sum,my_prop,my_consumed_prop,my_inedible_prop
101052000,13.959138329666311,0,0.006295571386679507,0.0451,"Beet, sugar",added_sugar,0.02225999887637346,81.13466215814263,0,28.28199328150714,17.204901035340516,NA
101053000,0.26853887778624996,0,1.2111103388159873e-4,0.045099999999999994,"Beet, sugar, molasses",added_sugar,0.02225999887637346,81.13466215814263,0,0.5440747528974261,0.33097922718015477,NA
1500124000,45.70691329092817,0,0.005384274385671338,0.011779999999999999,"Corn, field, syrup",added_sugar,0.02225999887637346,81.13466215814263,0,24.188116161075612,56.33463192567327,NA
9500186000,1.3255657163782248,0,0.001566818676759062,0.11820000000000001,Honey,added_sugar,0.02225999887637346,81.13466215814263,0,7.038718579730332,1.6337847242088896,NA
9500219000,0.17884614367063278,0,1.9673075803769606e-5,0.011000000000000001,Maple syrup,added_sugar,0.02225999887637346,81.13466215814263,0,0.08837860196233169,0.2204312422254708,NA
9500218000,0.033816363942925996,0,5.05892804586173e-6,0.014960000000000003,"Maple, sugar",added_sugar,0.02225999887637346,81.13466215814263,0,0.022726542233707053,0.041679305790431775,NA
9500363000,0.1279799201867206,0,5.7718944004210995e-5,0.0451,"Sugarcane, molasses",added_sugar,0.02225999887637346,81.13466215814263,0,0.2592944605467762,0.15773766326563377,NA
9500362000,19.5338635155834,0,0.008809772445528113,0.0451,"Sugarcane, sugar",added_sugar,0.02225999887637346,81.13466215814263,0,39.57669762004668,24.075854876315635,NA
3600222000,17.3111627948085,0,0.02407130879877618,0.13905079100749376,"Milk, fat",dairy,0.06802029236107351,216.017292691774,0,35.388423017939935,8.013785646091339,NA
3600223000,29.632340541445032,0,0.041204003916913576,0.13905079100749376,"Milk, nonfat solids",dairy,0.06802029236107351,216.017292691774,0,60.57604648064362,13.717577964337407,NA
3600224000,159.35198644478635,0,0,0,"Milk, water",dairy,0.06802029236107351,216.017292691774,0,0,73.76816201106594,NA
600349000,9.721802910734135,0,0.002744979645383756,0.028235294117647056,"Soybean, soy milk",dairy,0.06802029236107351,216.017292691774,0,4.035530501416436,4.500474378505321,NA
1100009000,0.14837920273857608,0,5.566445790737682e-5,0.03751500000000001,"Apple, dried",fruit_exc_juice,0.030433991253325045,107.31382115581667,87.29936557307914,0.18290226031820667,0.13826662879065094,0
1100007000,17.124723084406416,2.4463891343775095,0.0011595150000451584,0.005924624962971095,"Apple, fruit with peel",fruit_exc_juice,0.030433991253325045,107.31382115581667,87.29936557307914,3.8099340648212756,15.957611890030265,2.802298869319518
1100008000,0.6365223439311524,0.09093175523487736,5.047622187374039e-5,0.006938750078060939,"Apple, peeled fruit",fruit_exc_juice,0.030433991253325045,107.31382115581667,87.29936557307914,0.16585475580113287,0.5931410670829992,0.10416084313780896
1100011000,1.4054629488525243,0,1.2002653583200556e-4,0.008539999999999999,"Apple, sauce",fruit_exc_juice,0.030433991253325045,107.31382115581667,87.29936557307914,0.3943831580712968,1.3096756165376233,0
1202012000,0.2397551896371957,0.020220316383727788,2.4598882456776283e-5,0.009462000029647604,Apricot,fruit_exc_juice,0.030433991253325045,107.31382115581667,87.29936557307914,0.08082700113836941,0.22341501500452382,0.02316204276055267
1202013000,0.07694108295948288,0,1.8850565325073305e-5,0.0245,"Apricot, dried",fruit_exc_juice,0.030433991253325045,107.31382115581667,87.29936557307914,0.06193918230496238,0.07169727266329151,0
2402020000,4.289404130501922,2.6553455039934675,0.006711416172789835,0.09664014580818638,Avocado,fruit_exc_juice,0.030433991253325045,107.31382115581667,87.29936557307914,22.0523693948837,3.9970658805204855,3.041654984045276
902021000,0.06561523435311765,0.009373604063963793,1.568204101039512e-5,0.020912500235265627,Balsam pear,fruit_exc_juice,0.030433991253325045,107.31382115581667,87.29936557307914,0.0515280459925932,0.061143321192380404,0.010737310634997752
2402023000,22.80799244352088,18.661085908385783,0.0054438116364195635,0.013127399625869111,Banana,fruit_exc_juice,0.030433991253325045,107.31382115581667,87.29936557307914,17.887274761652577,21.25354609300913,21.375969671583018
2402024000,0.03326790155130396,0,3.074353318159102e-5,0.09241200000000001,"Banana, dried",fruit_exc_juice,0.030433991253325045,107.31382115581667,87.29936557307914,0.10101709278184852,0.031000574942718608,0
1301055000,0.5035604922439895,0,1.1259612606575605e-4,0.02236,Blackberry,fruit_exc_juice,0.030433991253325045,107.31382115581667,87.29936557307914,0.36996831972689237,0.4692410416667893,0
1302057000,2.6017666826886514,0.149526809480137,0.0014396875938657654,0.05232766325961427,Blueberry,fruit_exc_juice,0.030433991253325045,107.31382115581667,87.29936557307914,4.73052509571341,2.4244469674702565,0.1712805224855462
1301058000,0.07340819656756023,0,1.641407275250647e-5,0.02236,Boysenberry,fruit_exc_juice,0.030433991253325045,107.31382115581667,87.29936557307914,0.05393335568732924,0.06840516512870563,0
901075000,2.7271560069524656,16.70382917900585,4.276180618901467e-4,0.002200701908821187,Cantaloupe,fruit_exc_juice,0.030433991253325045,107.31382115581667,87.29936557307914,1.4050673088874848,2.5412905603209404,19.13396399773709
902088000,0.06320070110584115,0.018524344168547868,1.1502527601263091e-5,0.014074666539056358,"Chayote, fruit",fruit_exc_juice,0.030433991253325045,107.31382115581667,87.29936557307914,0.03779500199470679,0.058893347031297574,0.021219334237934366
1201090000,1.5500107780658203,0.34875244056491733,3.5141844360308275e-4,0.0185077549509571,Cherry,fruit_exc_juice,0.030433991253325045,107.31382115581667,87.29936557307914,1.1546906243021566,1.4443719936272217,0.3994902348665676
1001106000,0.022169000009633687,0.11577144621900927,2.6159420011367747e-6,0.0018964285477232141,Citron,fruit_exc_juice,0.030433991253325045,107.31382115581667,87.29936557307914,0.008595461500144093,0.02065810328144491,0.13261430419227488
1001107000,0.02994727402197875,0.15639131024287853,2.3853003758506075e-6,0.001280089352004627,Citrus hybrids,fruit_exc_juice,0.030433991253325045,107.31382115581667,87.29936557307914,0.007837619311893583,0.02790626006923763,0.17914369619554893
1400112000,0.12577332559518065,0,9.634236740590837e-5,0.0766,"Coconut, dried",fruit_exc_juice,0.030433991253325045,107.31382115581667,87.29936557307914,0.3165617240406565,0.11720142311637688,0
1400111000,2.573954483041457,0,0.001971649134009756,0.0766,"Coconut, meat",fruit_exc_juice,0.030433991253325045,107.31382115581667,87.29936557307914,6.478444176441514,2.39853026881239,0
1307130000,0.10603908891631227,0.002945530059161405,5.08351392264801e-6,0.00466443244050064,Cranberry,fruit_exc_juice,0.030433991253325045,107.31382115581667,87.29936557307914,0.01670340863389916,0.09881214532687871,0.0033740566610368705
1307131000,0.058533249992952154,0,1.827026767741368e-5,0.031213485804416397,"Cranberry, dried",fruit_exc_juice,0.030433991253325045,107.31382115581667,87.29936557307914,0.060032440455596095,0.05454399942386127,0
1302137000,0.0058807512500005975,0,5.039803821250512e-6,0.0857,"Currant, dried",fruit_exc_juice,0.030433991253325045,107.31382115581667,87.29936557307914,0.016559785994877986,0.00547995699590448,0
2303141000,0.08923516167897758,0.013728486961289855,6.636418974065565e-5,0.06445399965624536,Date,fruit_exc_juice,0.030433991253325045,107.31382115581667,87.29936557307914,0.21805943620163545,0.08315346589831203,0.01572575799511121
2302153000,0.0422858699602616,0,4.270872865986422e-6,0.0101,Fig,fruit_exc_juice,0.030433991253325045,107.31382115581667,87.29936557307914,0.014033232875822064,0.03940393651518913,0
2302154000,0.06980383377373953,0,2.9876040855160512e-5,0.04279999999999999,"Fig, dried",fruit_exc_juice,0.030433991253325045,107.31382115581667,87.29936557307914,0.0981666867368125,0.06504645256493692,0
1302174000,4.5578738585054615e-7,1.266075990778204e-8,3.9653502568997516e-10,0.08464864879506794,Gooseberry,fruit_exc_juice,0.030433991253325045,107.31382115581667,87.29936557307914,1.3029346771815608e-6,4.247238435287432e-7,1.450269406274619e-8
1304175000,5.963642739783273,0.3786440043983831,9.613392096530636e-4,0.015157611890301011,Grape,fruit_exc_juice,0.030433991253325045,107.31382115581667,87.29936557307914,3.1587681078407126,5.5571991338601485,0.4337305339079658
1304178000,1.790686643281915,0,0.0015346184532926011,0.08569999999999998,"Grape, raisin",fruit_exc_juice,0.030433991253325045,107.31382115581667,87.29936557307914,5.042448887228806,1.6686449368734042,0
1003180000,1.6022162737457397,2.6703603494284813,1.409950320896251e-4,0.0033000000825000025,Grapefruit,fruit_exc_juice,0.030433991253325045,107.31382115581667,87.29936557307914,0.46328143724566784,1.493019497851415,3.0588542447002056
2302183000,0.1571953205336007,0.11037118885701984,3.762627192292266e-5,0.014062399666018004,Guava,fruit_exc_juice,0.030433991253325045,107.31382115581667,87.29936557307914,0.12363239382482186,0.1464818965912671,0.12642839742589773
901187000,0.6800487231183245,12.240877016129842,1.1805645833334115e-4,9.13684210526316e-4,Honeydew melon,fruit_exc_juice,0.030433991253325045,107.31382115581667,87.29936557307914,0.38790987797383614,0.6337009676795619,14.021725055817141
1302191000,0.00466032359067286,1.2945342478922639e-4,1.0520680505943982e-6,0.021964864902858146,Huckleberry,fruit_exc_juice,0.030433991253325045,107.31382115581667,87.29936557307914,0.0034568849081845453,0.004342705851379758,1.482867875836505e-4
1304195000,0.432678249955877,0.14774379498954862,9.837372690996819e-5,0.016948654477659926,"Kiwifruit, fuzzy",fruit_exc_juice,0.030433991253325045,107.31382115581667,87.29936557307914,0.32323636453440996,0.4031896779890451,0.16923810845552006
1002197000,0,0,0,0,Kumquat,fruit_exc_juice,0.030433991253325045,107.31382115581667,87.29936557307914,0,0,0
1002199000,0.10322914918706567,0.5390855648947213,4.643453588732588e-5,0.007229249909634376,Lemon,fruit_exc_juice,0.030433991253325045,107.31382115581667,87.29936557307914,0.1525745851104978,0.09619371305135042,0.6175137257365835
1002201000,0.004210403265029802,0.021987663927833072,1.0020759770770928e-6,0.003824999644821462,"Lemon, peel",fruit_exc_juice,0.030433991253325045,107.31382115581667,87.29936557307914,0.0032926209669184017,0.003923449206897976,0.025186510558804675
1002206000,0.020552963964994633,0.0082211857915274935,5.869926508402468e-6,0.020399999854285717,Lime,fruit_exc_juice,0.030433991253325045,107.31382115581667,87.29936557307914,0.01928740288956071,0.019152205879569142,0.009417234292092833
2401211000,0.036333733127526725,0.001009270372727683,2.0084197660902948e-5,0.05378302701539826,Lychee,fruit_exc_juice,0.030433991253325045,107.31382115581667,87.29936557307914,0.06599265109110085,0.03385745911961439,0.0011561027575656467
2402215000,1.6166150870968001,0.8949119740222029,4.3834518086629734e-4,0.01745333298025441,Mango,fruit_exc_juice,0.030433991253325045,107.31382115581667,87.29936557307914,1.4403144734373485,1.5064369805167221,1.0251070762628434
2402216000,0.034792636957619597,0,3.280646961690707e-5,0.09429141475211596,"Mango, dried",fruit_exc_juice,0.030433991253325045,107.31382115581667,87.29936557307914,0.1077954887475458,0.032421394171680516,0
1202230000,0.4435763082151947,0.060883017390682644,5.074512965981827e-5,0.010059310450623781,Nectarine,fruit_exc_juice,0.030433991253325045,107.31382115581667,87.29936557307914,0.1667383329298754,0.41334499455679086,0.06974050382956894
1001240000,6.964322225638138,5.082072838061473,6.106317727439519e-4,0.005069000057818282,Orange,fruit_exc_juice,0.030433991253325045,107.31382115581667,87.29936557307914,2.0064137091359573,6.489678729756661,5.821431581661633
1001242000,0.004201202873539344,0.0030657428066312047,2.6887698390651803e-7,0.003699999913859377,"Orange, peel",fruit_exc_juice,0.030433991253325045,107.31382115581667,87.29936557307914,8.834759189764242e-4,0.003914875855030187,0.0035117584034042512
2402245000,0.4805449328151495,0.33740387959145945,2.4487608686394387e-4,0.029937825344284987,Papaya,fruit_exc_juice,0.030433991253325045,107.31382115581667,87.29936557307914,0.8046137781458096,0.44779407502171753,0.38649064328997373
2402246000,0.013809528431813227,0,5.053458834337733e-5,0.36594000000000004,"Papaya, dried",fruit_exc_juice,0.030433991253325045,107.31382115581667,87.29936557307914,0.16604653633084096,0.01286835962327926,0
2405252000,0.013163702430693468,0.009242600111147213,8.058292079973314e-6,0.035964399145845524,Passionfruit,fruit_exc_juice,0.030433991253325045,107.31382115581667,87.29936557307914,0.026477933876296655,0.012266548976557401,0.010587247742837425
1202260000,3.3969066871861124,0.46624212162812806,3.6740942728604993e-4,0.009510620622424923,Peach,fruit_exc_juice,0.030433991253325045,107.31382115581667,87.29936557307914,1.207233794042406,3.1653953336112215,0.5340727490600516
1202261000,0.013680686240184845,0,9.077408934087447e-6,0.066352,"Peach, dried",fruit_exc_juice,0.030433991253325045,107.31382115581667,87.29936557307914,0.029826547752246267,0.012748298488338115,0
1100266000,2.937733953316556,0.4196763000290362,4.6304562572175564e-4,0.013791749913801566,Pear,fruit_exc_juice,0.030433991253325045,107.31382115581667,87.29936557307914,1.5214751882770745,2.7375168656524203,0.48073235959283245
1100267000,0.013651103309865985,0,9.69228335000485e-6,0.07100000000000001,"Pear, dried",fruit_exc_juice,0.030433991253325045,107.31382115581667,87.29936557307914,0.03184690193714216,0.012720731740644073,0
2402277000,0.3804871917658311,0.03407347993345254,9.28198504312745e-5,0.022389931502862066,Persimmon,fruit_exc_juice,0.030433991253325045,107.31382115581667,87.29936557307914,0.3049874387446094,0.35455562728809586,0.039030615755081634
2403279000,2.150355061728365,7.526242716049277,9.483065822222088e-4,0.0098,Pineapple,fruit_exc_juice,0.030433991253325045,107.31382115581667,87.29936557307914,3.1159455042512776,2.003800664786793,8.62118832896785
2403280000,0.025276320073719553,0,5.5165568560892924e-5,0.21825,"Pineapple, dried",fruit_exc_juice,0.030433991253325045,107.31382115581667,87.29936557307914,0.18126300984221336,0.02355364835720372,0
1203285000,0.5406051153857916,0.048412398497650985,4.928156231856876e-5,0.00836673972453743,Plum,fruit_exc_juice,0.030433991253325045,107.31382115581667,87.29936557307914,0.16192934376684667,0.5037609411008188,0.05545561319930155
1203287000,0.08388358719933917,0,4.554878784924116e-5,0.05429999999999999,"Plum, prune, dried",fruit_exc_juice,0.030433991253325045,107.31382115581667,87.29936557307914,0.14966419445318319,0.07816662038111805,0
1203286000,0.02995869518203789,0,2.7310346527945738e-6,0.009115999999999999,"Plum, prune, fresh",fruit_exc_juice,0.030433991253325045,107.31382115581667,87.29936557307914,0.008973632902967325,0.02791690283634454,0
2402289000,0.08413555308087976,0.05907390237290603,4.984947384489046e-5,0.03480878667329132,Pomegranate,fruit_exc_juice,0.030433991253325045,107.31382115581667,87.29936557307914,0.16379538730216395,0.07840141388565158,0.06766819207117226
1301320000,1.041111211188418,0.05479532695944891,3.2266118657151455e-4,0.02944239999852788,Raspberry,fruit_exc_juice,0.030433991253325045,107.31382115581667,87.29936557307914,1.0602000371418996,0.9701557543801871,0.06276715368977019
2403346000,0.0078033855206878985,0.0011147692597690288,5.560633996650792e-6,0.062351844451458256,Soursop,fruit_exc_juice,0.030433991253325045,107.31382115581667,87.29936557307914,0.01827112964042555,0.007271556856928616,0.001276950012696077
2302358000,0.0031991177570765343,3.253339923853e-4,2.3041469693867105e-6,0.06537603954256267,Starfruit,fruit_exc_juice,0.030433991253325045,107.31382115581667,87.29936557307914,0.007570965471493892,0.002981086427284613,3.726647842737869e-4
1307359000,7.18408372050292,0.7305847473890096,0.00373902821317295,0.047241754071460675,Strawberry,fruit_exc_juice,0.030433991253325045,107.31382115581667,87.29936557307914,12.285697863452086,6.694462691876223,0.8368729172234706
2302368000,0.044123087294503024,0,4.293794116977268e-5,0.09731400000000001,Tamarind,fruit_exc_juice,0.030433991253325045,107.31382115581667,87.29936557307914,0.14108547515956035,0.041115940909827016,0
1001369000,2.9117590493383476,3.441169547346852,5.581842097581613e-4,0.008786250329484388,Tangerine,fruit_exc_juice,0.030433991253325045,107.31382115581667,87.29936557307914,1.8340815212568522,2.713312244385143,3.9418036142155186
901399000,8.627798567628291,10.618829603620874,0.0010767492612400106,0.005594482584998816,Watermelon,fruit_exc_juice,0.030433991253325045,107.31382115581667,87.29936557307914,3.5379824232629073,8.039783202856013,12.16369618944338
1100010000,9.358292833084489,0,0.0033596271270773317,0.0359,"Apple, juice",fruit_juice,0.026374202468940806,56.95482468235219,0,12.738307939486502,16.43108004506634,NA
1202014000,0.036589311745415715,0,5.665854923777624e-6,0.015485000000000002,"Apricot, juice",fruit_juice,0.026374202468940806,56.95482468235219,0,0.02148256399582105,0.06424269049985004,NA
1301056000,0.1949037928650036,0,7.550572935590239e-5,0.03874,"Blackberry, juice",fruit_juice,0.026374202468940806,56.95482468235219,0,0.2862863036136187,0.34220769522515226,NA
1201091000,0.06524788168541279,0,1.764302720773562e-5,0.02704,"Cherry, juice",fruit_juice,0.026374202468940806,56.95482468235219,0,0.06689501693373544,0.11456076293678814,NA
1307132000,3.1122704138346715,0,1.901597222852984e-4,0.006109999999999999,"Cranberry, juice",fruit_juice,0.026374202468940806,56.95482468235219,0,0.7210065309433991,5.464454383263211,NA
1304176000,4.781570520590093,0,0.00411215064770748,0.086,"Grape, juice",fruit_juice,0.026374202468940806,56.95482468235219,0,15.59156396311924,8.39537396042884,NA
1003181000,0.8838304376698624,0,2.3686655729552314e-4,0.0268,"Grapefruit, juice",fruit_juice,0.026374202468940806,56.95482468235219,0,0.8980994120086307,1.5518096010288005,NA
1002200000,3.5111599980088792,0,0.0059479050366270415,0.1694,"Lemon, juice",fruit_juice,0.026374202468940806,56.95482468235219,0,22.55198064711722,6.164815742285717,NA
1002207000,1.1221562625208996,0,3.2430315986853997e-4,0.0289,"Lime, juice",fruit_juice,0.026374202468940806,56.95482468235219,0,1.2296226217662918,1.970256723252818,NA
2402217000,0.3850527601447864,0,1.3536914835650109e-4,0.03515599999999999,"Mango, juice",fruit_juice,0.026374202468940806,56.95482468235219,0,0.5132634759891473,0.6760669746457799,NA
1001241000,28.870903266758344,0,0.008430303753893436,0.0292,"Orange, juice",fruit_juice,0.026374202468940806,56.95482468235219,0,31.96420351978893,50.690882515707536,NA
2402247000,0.08161815782410622,0,4.159098086400806e-5,0.05095800000000002,"Papaya, juice",fruit_juice,0.026374202468940806,56.95482468235219,0,0.15769569113222312,0.14330332553792607,NA
2405253000,0.07051146764809815,0,4.533605323902119e-5,0.064296,"Passionfruit, juice",fruit_juice,0.026374202468940806,56.95482468235219,0,0.1718954470468274,0.1238024487676925,NA
1202262000,0.02883515846008535,0,4.888136062153668e-6,0.016952,"Peach, juice",fruit_juice,0.026374202468940806,56.95482468235219,0,0.018533777724312653,0.05062812258821702,NA
1100268000,0.6833172091541614,0,1.4554656554983638e-4,0.0213,"Pear, juice",fruit_juice,0.026374202468940806,56.95482468235219,0,0.5518520066009092,1.1997529848702906,NA
2403281000,1.4038904788484547,0,8.760276588014357e-4,0.0624,"Pineapple, juice",fruit_juice,0.026374202468940806,56.95482468235219,0,3.3215323186855676,2.464919322775932,NA
1203288000,0.3651825242186081,0,5.1191286244964484e-5,0.014018000000000001,"Plum, prune, juice",fruit_juice,0.026374202468940806,56.95482468235219,0,0.19409605391954185,0.6411792613800499,NA
2402290000,0.4722841129951857,0,0.0014385774081833358,0.30460000000000004,"Pomegranate, juice",fruit_juice,0.026374202468940806,56.95482468235219,0,5.454486860322906,0.829225821744169,NA
1301321000,0.024843962242087778,0,9.624550972584805e-6,0.03874,"Raspberry, juice",fruit_juice,0.026374202468940806,56.95482468235219,0,0.03649229198084385,0.04362047004910865,NA
1307360000,1.0323490664626274,0,6.589484091230951e-4,0.06383000000000001,"Strawberry, juice",fruit_juice,0.026374202468940806,56.95482468235219,0,2.4984581425697936,1.8125752685926662,NA
1001370000,0.29497844111591076,0,2.451270845673219e-4,0.08310000000000001,"Tangerine, juice",fruit_juice,0.026374202468940806,56.95482468235219,0,0.9294198937616871,0.5179165114826728,NA
901400000,0.17503662447500634,0,2.184457073448079e-5,0.01248,"Watermelon, juice",fruit_juice,0.026374202468940806,56.95482468235219,0,0.0828255214928517,0.30732536787044584,NA
1500120000,4.97371832062141,0,1.7408014122174934e-4,0.0034999999999999996,"Corn, field, flour",gr_refined,0.008014825105575272,107.65546964171462,0,2.1719767921155975,4.620033089980763,NA
1500123000,2.9966066559593822,0,4.644740316737042e-4,0.0155,"Corn, field, starch",gr_refined,0.008014825105575272,107.65546964171462,0,5.795186115173079,2.7835154738837806,NA
1500325000,0.9179079645744068,0,0.0012299966725297052,0.134,"Rice, flour",gr_refined,0.008014825105575272,107.65546964171462,0,15.346519185728644,0.8526347687017414,NA
1500323000,17.26620983660052,0,0.0026417301049998796,0.015300000000000001,"Rice, white",gr_refined,0.008014825105575272,107.65546964171462,0,32.96054586596331,16.03839534959417,NA
1500402000,81.5010268639589,0,0.003504544155150233,0.0043,"Wheat, flour",gr_refined,0.008014825105575272,107.65546964171462,0,43.72577204101936,75.70542131783955,NA
9500006000,0.0019892123131168386,0,1.5265783637233798e-6,0.07674285714285715,"Amaranth, grain",gr_whole,0.0020545969734797522,33.59318077306833,5.298777858978966,0.07430062359811142,0.005921476523924734,0
1500027000,8.182619096768261e-5,2.4795816015056063e-5,9.905275748719474e-9,0.009290085629623409,"Barley, bran",gr_whole,0.0020545969734797522,33.59318077306833,5.298777858978966,4.821031022908342e-4,2.4357976554956862e-4,4.6795349182337734e-4
1500026000,11.927410387452609,3.6143668672069844,8.466988855290432e-4,0.005447889721075456,"Barley, flour",gr_whole,0.0020545969734797522,33.59318077306833,5.298777858978966,41.209974338424054,35.50545114505745,68.21133029916157
1500025000,0.21801306775244847,0.06606456750507547,1.6132967013681187e-5,0.005679069737065441,"Barley, pearled barley",gr_whole,0.0020545969734797522,33.59318077306833,5.298777858978966,0.7852132180627966,0.6489801285123606,1.246788774002419
1500065000,0.03879467962231663,0.011755963792301292,3.6466998844977625e-6,0.00721395344978583,Buckwheat,gr_whole,0.0020545969734797522,33.59318077306833,5.298777858978966,0.17748979150502484,0.11548379382228174,0.2218617972893579
1500122000,0.09048503832037223,0,3.1669763412130275e-6,0.003499999999999999,"Corn, field, bran",gr_whole,0.0020545969734797522,33.59318077306833,5.298777858978966,0.15414100098907976,0.26935537581756513,0
1500121000,4.829835397369283,0,1.690442389079249e-4,0.0034999999999999996,"Corn, field, meal",gr_whole,0.0020545969734797522,33.59318077306833,5.298777858978966,8.227610625826264,14.377428055998093,0
1500126000,1.4294255891829504,0,1.0005979124280653e-5,7e-4,"Corn, pop",gr_whole,0.0020545969734797522,33.59318077306833,5.298777858978966,0.48700447111698525,4.255106412337475,0
1500226000,0.22874114917400895,0,8.463422519438331e-6,0.0036999999999999997,"Millet, grain",gr_whole,0.0020545969734797522,33.59318077306833,5.298777858978966,0.411926165018355,0.6809154236367841,0
1500231000,0.25807634046921696,0.07820494571376214,2.0129954556598922e-5,0.005986046617427801,"Oat, bran",gr_whole,0.0020545969734797522,33.59318077306833,5.298777858978966,0.9797519813584646,0.7682402634409566,1.4759053463855087
1500232000,0.03922860743972546,0.01188745589647009,3.059831380298586e-6,0.005986046617427801,"Oat, flour",gr_whole,0.0020545969734797522,33.59318077306833,5.298777858978966,0.14892611153399718,0.11677550781727418,0.22434335261528995
1500233000,5.004361652959259,1.516473263048357,3.903402089308222e-4,0.005986046479609519,"Oat, groats/rolled oats",gr_whole,0.0020545969734797522,33.59318077306833,5.298777858978966,18.998383331098047,14.89695687575753,28.61930247705402
1500326000,0.0061772507559889715,0,9.451193656663128e-7,0.015300000000000001,"Rice, bran",gr_whole,0.0020545969734797522,33.59318077306833,5.298777858978966,0.046000231571723706,0.01838840685470688,0
1500324000,1.8934996758934162,0,4.601204212421001e-4,0.0243,"Rice, brown",gr_whole,0.0020545969734797522,33.59318077306833,5.298777858978966,22.394680182109912,5.636559659784987,0
1500329000,3.3915407730724653e-4,0,4.680326266840002e-8,0.0138,"Rye, flour",gr_whole,0.0020545969734797522,33.59318077306833,5.298777858978966,0.0022779777870076405,0.0010095920347594667,0
1500328000,0.5488585124192139,0,1.0977170248384279e-5,0.002,"Rye, grain",gr_whole,0.0020545969734797522,33.59318077306833,5.298777858978966,0.5342736502620696,1.633839070277126,0
1500381000,0.03064089469457556,0,1.675035576636797e-6,0.005466666666666666,"Triticale, flour",gr_whole,0.0020545969734797522,33.59318077306833,5.298777858978966,0.0815262359605196,0.09121165066673405,0
1500404000,0.7780912934157341,0,3.345792561687657e-5,0.0043,"Wheat, bran",gr_whole,0.0020545969734797522,33.59318077306833,5.298777858978966,1.6284422710995634,2.3162179808811976,0
1500403000,0.2818188362797043,0,1.2118209960027285e-5,0.0043,"Wheat, germ",gr_whole,0.0020545969734797522,33.59318077306833,5.298777858978966,0.5898095887634534,0.8389167973806116,0
1500401000,5.948231735001735,0,5.353408561501561e-5,9e-4,"Wheat, grain",gr_whole,0.0020545969734797522,33.59318077306833,5.298777858978966,2.6055759988952003,17.706664263749726,0
1500405000,0.0390804722843856,0,9.4965547651057e-6,0.0243,Wild rice,gr_whole,0.0020545969734797522,33.59318077306833,5.298777858978966,0.4622101019170652,0.11633453988291705,0
1800002000,0.0011453228433514406,0,2.7487748240434574e-8,0.0024000000000000002,"Alfalfa, seed",leg_tot,0.004063556919112435,21.550587465673043,1.1774418024765514,6.764455079034175e-4,0.005314578292474735,0
603035000,0.7949808124643479,0,1.5979114330533394e-4,0.0201,"Bean,  great northern, seed",leg_tot,0.004063556919112435,21.550587465673043,1.1774418024765514,3.9322974055999103,3.6889055285877332,0
603030000,0.6325357909898486,0,1.2713969398895958e-4,0.020100000000000003,"Bean, black, seed",leg_tot,0.004063556919112435,21.550587465673043,1.1774418024765514,3.1287784696942182,2.9351208731427216,0
603032000,0.0432276219534709,0,8.688752012647653e-6,0.020100000000000003,"Bean, broad, seed",leg_tot,0.004063556919112435,21.550587465673043,1.1774418024765514,0.2138213438522588,0.20058674512853175,0
602031000,8.530868472186648e-4,0,2.981538531029233e-7,0.034949999999999995,"Bean, broad, succulent",leg_tot,0.004063556919112435,21.550587465673043,1.1774418024765514,0.007337262871859718,0.003958531750364152,0
603034000,0.02712226390756586,0,3.742872419244089e-6,0.0138,"Bean, cowpea, seed",leg_tot,0.004063556919112435,21.550587465673043,1.1774418024765514,0.09210828084233184,0.12585394226847732,0
602033000,0.15103220461404684,0,6.70582988486368e-5,0.0444,"Bean, cowpea, succulent",leg_tot,0.004063556919112435,21.550587465673043,1.1774418024765514,1.6502364845250825,0.700826392109353,0
603036000,0.83706084372067,0,1.6824922958785468e-4,0.0201,"Bean, kidney, seed",leg_tot,0.004063556919112435,21.550587465673043,1.1774418024765514,4.140442300599146,3.8841671720271496,0
603038000,0.07666230619078625,0,1.540912354434804e-5,0.020100000000000003,"Bean, lima, seed",leg_tot,0.004063556919112435,21.550587465673043,1.1774418024765514,0.37920284743331983,0.3557318625902805,0
602037000,0.5998835505893062,0,2.6634829646165196e-4,0.0444,"Bean, lima, succulent",leg_tot,0.004063556919112435,21.550587465673043,1.1774418024765514,6.554560493761411,2.7836064865741297,0
603039000,0.17108964046146302,0,3.4389017732754066e-5,0.020099999999999996,"Bean, mung, seed",leg_tot,0.004063556919112435,21.550587465673043,1.1774418024765514,0.8462787261822172,0.7938978031758251,0
603040000,0.8760578605618183,0,1.7608762997292548e-4,0.020099999999999996,"Bean, navy, seed",leg_tot,0.004063556919112435,21.550587465673043,1.1774418024765514,4.333337356361842,4.065122874062024,0
603041000,0.011938278453051537,0,2.3995939690633592e-6,0.0201,"Bean, pink, seed",leg_tot,0.004063556919112435,21.550587465673043,1.1774418024765514,0.0590515653362001,0.0553965337235817,0
603042000,3.1557872361934542,0,6.343132344748843e-4,0.0201,"Bean, pinto, seed",leg_tot,0.004063556919112435,21.550587465673043,1.1774418024765514,15.609803113412068,14.643625104049555,0
601043000,6.279689613208274,1.1774418024765514,0.0018255057705596454,0.024480000000000005,"Bean, snap, succulent",leg_tot,0.004063556919112435,21.550587465673043,1.1774418024765514,44.92383906261054,29.139296658204366,100
2302077000,1.3614234605140524e-4,0,3.784757220229065e-8,0.0278,Carob,leg_tot,0.004063556919112435,21.550587465673043,1.1774418024765514,9.313902316534389e-4,6.317338043255676e-4,0
603098000,0.6709002404338511,0,5.300111899427423e-5,0.007899999999999999,"Chickpea, seed",leg_tot,0.004063556919112435,21.550587465673043,1.1774418024765514,1.3043035953302402,3.1131413076441548,0
603182000,0.038003723986765256,0,1.6721638554176712e-6,0.0044,"Guar, seed",leg_tot,0.004063556919112435,21.550587465673043,1.1774418024765514,0.04115025059825929,0.17634658009810486,0
603203000,0.6714560304013086,0,2.954406533765758e-5,0.0044,"Lentil, seed",leg_tot,0.004063556919112435,21.550587465673043,1.1774418024765514,0.7270493788016292,3.115720309113803,0
603256000,0.24815855779295146,0,5.955805387030835e-6,0.0024000000000000002,"Pea, dry",leg_tot,0.004063556919112435,21.550587465673043,1.1774418024765514,0.14656630891568037,1.1515164409704932,0
601257000,0.4794900544268975,0,4.3710313361555976e-5,0.009116,"Pea, edible podded, succulent",leg_tot,0.004063556919112435,21.550587465673043,1.1774418024765514,1.0756663246420877,2.2249512000109304,0
602259000,0.0018306717801211641,0,1.5743777309042014e-7,0.008600000000000002,"Pea, pigeon, succulent",leg_tot,0.004063556919112435,21.550587465673043,1.1774418024765514,0.0038743833598080327,0.008494765087203114,0
602255000,3.726164112073494,0,3.204501136383205e-4,0.0086,"Pea, succulent",leg_tot,0.004063556919112435,21.550587465673043,1.1774418024765514,7.885951151099256,17.290313398689165,0
600348000,1.6396765640120627,0,9.962591781339115e-5,0.006075949367088607,"Soybean, flour",leg_tot,0.004063556919112435,21.550587465673043,1.1774418024765514,2.4516924407976917,7.608500541453125,0
600347000,0.4157049354208663,0,1.9953836900201582e-5,0.0048000000000000004,"Soybean, seed",leg_tot,0.004063556919112435,21.550587465673043,1.1774418024765514,0.4910436176333889,1.9289726374421297,0
1400004000,1.0534711398305334e-4,0,2.550380131543222e-7,0.24209302325581397,"Almond, oil",oil,0.014740860120871313,31.294721731578747,0,0.0017301433638408832,3.366290165052022e-4,NA
1400114000,0.4802680435691344,0,3.2992652485623597e-4,0.06869633099141295,"Coconut, oil",oil,0.014740860120871313,31.294721731578747,0,2.238176891653012,1.5346614924027508,NA
1500125000,1.3316192102230593,0,3.452346100578302e-4,0.025925925925925925,"Corn, field, oil",oil,0.014740860120871313,31.294721731578747,0,2.342024869831163,4.255092030038262,NA
2003128000,1.5594138196653877,0,0.005161903401501757,0.33101562500000004,"Cottonseed, oil",oil,0.014740860120871313,31.294721731578747,0,35.01765405258214,4.982993084395511,NA
2001163000,0.05013305193505262,0,1.6594823519438905e-4,0.33101562500000004,"Flax seed, oil",oil,0.014740860120871313,31.294721731578747,0,1.1257703677645376,0.16019650970235202,NA
2301236000,0.4037791254558267,0,1.8371950208240117e-4,0.045500000000000006,"Olive, oil",oil,0.014740860120871313,31.294721731578747,0,1.2463282371309943,1.2902467352773517,NA
9500244000,0.1846102999692594,0,7.851476057692602e-4,0.4253,"Palm, oil",oil,0.014740860120871313,31.294721731578747,0,5.326335093958216,0.5899087442051725,NA
9500265000,0.24870047629777553,0,1.6599310859874785e-4,0.06674418604651164,"Peanut, oil",oil,0.014740860120871313,31.294721731578747,0,1.126074782866444,0.7947042265815002,NA
9500276000,1.3256355729784062e-4,0,0,0,"Peppermint, oil",oil,0.014740860120871313,31.294721731578747,0,0,4.2359717537949516e-4,NA
2001319000,1.628640643777104,0,3.128704394624437e-4,0.019210526315789477,"Rapeseed, oil",oil,0.014740860120871313,31.294721731578747,0,2.1224707167491275,5.204202349988248,NA
2002330000,0.03737520687969073,0,1.2371777464785128e-4,0.33101562500000004,"Safflower, oil",oil,0.014740860120871313,31.294721731578747,0,0.8392846389789803,0.11942974665269611,NA
2001337000,0.05125970133616157,0,4.2152163703411004e-4,0.8223255813953488,"Sesame, oil",oil,0.014740860120871313,31.294721731578747,0,2.8595457359865,0.1637966356621623,NA
600350000,25.1176825762938,0,0.00669804868701168,0.02666666666666667,"Soybean, oil",oil,0.014740860120871313,31.294721731578747,0,45.438655764245645,80.26172206205672,NA
2002365000,0.20100166550521686,0,4.657355664145269e-5,0.023170731707317073,"Sunflower, oil",oil,0.014740860120871313,31.294721731578747,0,0.31594870488941174,0.642286156845392,NA
7000146000,1.758927697641462,0.32472512288188055,0.0017826028644517158,0.08555181779294627,"Egg, white",pf_egg,0.010291789250544914,31.29294291565222,5.7771588606208715,17.3206312435647,5.620844617850484,5.620844617850483
7000145000,28.91006299156813,5.337242554112917,0.007876835762682652,0.022999870025325265,"Egg, whole",pf_egg,0.010291789250544914,31.29294291565222,5.7771588606208715,76.53514438478811,92.38524823150394,92.38524823150395
7000147000,0.6239522264426278,0.11519118362607403,6.323506234105455e-4,0.08555181779294627,"Egg, yolk",pf_egg,0.010291789250544914,31.29294291565222,5.7771588606208715,6.144224371647182,1.993907150645576,1.9939071506455759
1400003000,2.1570113369135546,0,0.0022454488017270104,0.1041,Almond,pf_ns,0.027224886148094814,11.396403768463658,0.23594764213439043,8.247780319493259,18.927122807656893,0
1400059000,0.01287592490724251,0,4.970107014195609e-5,0.38599999999999995,Brazil nut,pf_ns,0.027224886148094814,11.396403768463658,0.23594764213439043,0.18255749490226666,0.11298235100157658,0
1400081000,1.2290737953336155,0,0.01994049325549258,1.6224000000000003,Cashew,pf_ns,0.027224886148094814,11.396403768463658,0.23594764213439043,73.24362403950036,10.784751227705106,0
1400092000,0.008288856850243012,0,4.519316842744296e-5,0.5452279999999998,Chestnut,pf_ns,0.027224886148094814,11.396403768463658,0.23594764213439043,0.1659994762938818,0.07273221464107907,0
2001162900,2.0924693253607425e-4,6.340816283295567e-5,2.2164481328883668e-7,0.08129127863495364,"Flax, seed",pf_ns,0.027224886148094814,11.396403768463658,0.23594764213439043,8.141257674436493e-4,0.0018360786155638524,0.02687382770997975
1400155000,0.1287672668494739,0,4.3330185294847967e-4,0.3365,Hazelnut,pf_ns,0.027224886148094814,11.396403768463658,0.23594764213439043,1.591565344264266,1.1298938635870475,0
1400213000,0.0465704928285947,0,7.555596756511202e-4,1.6223999999999996,Macadamia nut,pf_ns,0.027224886148094814,11.396403768463658,0.23594764213439043,2.775253756952787,0.40864200474772083,0
9500263000,2.8359659588138104,0,8.139222301795636e-4,0.0287,Peanut,pf_ns,0.027224886148094814,11.396403768463658,0.23594764213439043,2.9896258362737784,24.884744489849933,0
9500264000,2.9072241555027074,0,0.0014652409743733646,0.0504,"Peanut, butter",pf_ns,0.027224886148094814,11.396403768463658,0.23594764213439043,5.381991191452242,25.510013637351392,0
1400269000,0.2774070575502398,0,2.111067707957325e-4,0.0761,Pecan,pf_ns,0.027224886148094814,11.396403768463658,0.23594764213439043,0.7754183787854174,2.43416312010536,0
1400278000,0.003749501377149316,0,3.0745911292624396e-7,0.0082,Pine nut,pf_ns,0.027224886148094814,11.396403768463658,0.23594764213439043,0.001129331124669404,0.03290074178948456,0
1400282000,0.20168570722464035,0,1.7034374832193123e-5,0.008445999999999999,Pistachio,pf_ns,0.027224886148094814,11.396403768463658,0.23594764213439043,0.06256913156415599,1.769731147844628,0
902309000,0.06934888162236032,0,4.2071654850898595e-5,0.06066666666666667,"Pumpkin, seed",pf_ns,0.027224886148094814,11.396403768463658,0.23594764213439043,0.15453381373953973,0.6085154846326508,0
2001336000,0.16516707395689936,0.05005062962295215,5.840307735115962e-4,0.2713674404089649,"Sesame, seed",pf_ns,0.027224886148094814,11.396403768463658,0.23594764213439043,2.145209241040174,1.449291173887264,21.212600037106725
2002364000,0.6132508802456272,0.18583360434860532,5.825883362333459e-5,0.00729069763542185,"Sunflower, seed",pf_ns,0.027224886148094814,11.396403768463658,0.23594764213439043,0.2139911010331682,5.381091199511784,78.7605261351833
1400391000,0.7398076315549631,0,5.629936076133269e-4,0.0761,Walnut,pf_ns,0.027224886148094814,11.396403768463658,0.23594764213439043,2.0679374178125807,6.491588457072507,0
4000094000,0.080080477923656,0,3.6516697933187136e-5,0.0456,"Chicken, liver",pf_poultry,0.02408430941516412,54.85127266384789,0,0.1516202823328422,0.14599566069218392,NA
4000093000,43.55651361805695,0,0.01986177020983397,0.04560000000000001,"Chicken, meat",pf_poultry,0.02408430941516412,54.85127266384789,0,82.46767581107588,79.40839200758374,NA
4000095000,1.0317167388787825,0,4.7046283292872485e-4,0.0456,"Chicken, meat byproducts",pf_poultry,0.02408430941516412,54.85127266384789,0,1.9533997210337655,1.8809349150412331,NA
4000097000,2.2803802869962024,0,0.0010398534108702685,0.04560000000000001,"Chicken, skin",pf_poultry,0.02408430941516412,54.85127266384789,0,4.317555438046105,4.157388108333147,NA
6000302000,0.0014539730953444256,0,5.77227318851737e-7,0.0397,"Poultry, other, liver",pf_poultry,0.02408430941516412,54.85127266384789,0,0.0023966944989018426,0.0026507554423668457,NA
6000301000,0.059596434293699076,0,2.3659784414598534e-5,0.0397,"Poultry, other, meat",pf_poultry,0.02408430941516412,54.85127266384789,0,0.09823733787318686,0.10865095994933714,NA
6000303000,0.005353698608046891,0,2.125418347394616e-6,0.0397,"Poultry, other, meat byproducts",pf_poultry,0.02408430941516412,54.85127266384789,0,0.008824908826559072,0.009760390867968828,NA
6000305000,0.012133222893953646,0,4.816889488899597e-6,0.03969999999999999,"Poultry, other, skin",pf_poultry,0.02408430941516412,54.85127266384789,0,0.02000011462179088,0.0221202212906002,NA
5000383000,0.0032801778036430245,0,1.1087000976313423e-6,0.0338,"Turkey, liver",pf_poultry,0.02408430941516412,54.85127266384789,0,0.004603412447995189,0.005980130714095478,NA
5000382000,7.286918056411915,0,0.0024629783030672273,0.033800000000000004,"Turkey, meat",pf_poultry,0.02408430941516412,54.85127266384789,0,10.226485055521131,13.284865970329026,NA
5000384000,0.3112114864001045,0,1.0518948240323532e-4,0.0338,"Turkey, meat byproducts",pf_poultry,0.02408430941516412,54.85127266384789,0,0.4367552359089243,0.5673733193162935,NA
5000386000,0.2226344924855909,0,7.525045846012972e-5,0.033800000000000004,"Turkey, skin",pf_poultry,0.02408430941516412,54.85127266384789,0,0.3124459878129204,0.4058875604400112,NA
3100049000,0.12282527913573374,0,2.968686996710684e-4,0.2417,"Beef, liver",pf_redm,0.11599700785915527,62.72308643071353,0,0.2559278943052819,0.19582148475970093,NA
3100044000,37.946382238875586,0,0.09171640587136229,0.2417,"Beef, meat",pf_redm,0.11599700785915527,62.72308643071353,0,79.06790663318253,60.49827009197435,NA
3100046000,0.9793170225358917,0,0.00236700924346925,0.2417,"Beef, meat byproducts",pf_redm,0.11599700785915527,62.72308643071353,0,2.0405778452003664,1.561334236346429,NA
3100045000,0.2528901578039778,0,0.0010163655442141865,0.4018999999999999,"Beef, meat, dried",pf_redm,0.11599700785915527,62.72308643071353,0,0.8761997942638898,0.4031851303799129,NA
3200169000,0.036748505065373124,0,4.589888282665103e-5,0.12489999999999998,"Goat, meat",pf_redm,0.11599700785915527,62.72308643071353,0,0.03956902309271797,0.05858848337440636,NA
3800221000,0.5514195931558526,0,1.7424859143724944e-4,0.031599999999999996,"Meat, game",pf_redm,0.11599700785915527,62.72308643071353,0,0.150218177738536,0.8791333853843005,NA
3400295000,0.020683335277595555,0,1.8263385050116877e-5,0.08830000000000002,"Pork, liver",pf_redm,0.11599700785915527,62.72308643071353,0,0.015744703580882414,0.032975633781101014,NA
3400290000,20.655009922930393,0,0.01823837376194754,0.08830000000000002,"Pork, meat",pf_redm,0.11599700785915527,62.72308643071353,0,15.723141569386648,32.930474404742114,NA
3400292000,1.2026572133725018,0,0.001061946319407919,0.08829999999999999,"Pork, meat byproducts",pf_redm,0.11599700785915527,62.72308643071353,0,0.9154945795647977,1.9174075795855579,NA
3400291000,0.36506471669939433,0,3.2235214484556515e-4,0.08829999999999999,"Pork, skin",pf_redm,0.11599700785915527,62.72308643071353,0,0.2778969482014298,0.5820260728123761,NA
3900312000,0.0019240153948525847,0,4.658041270938108e-6,0.2421,"Rabbit, meat",pf_redm,0.11599700785915527,62.72308643071353,0,0.004015656400890916,0.0030674756367066384,NA
3500343000,3.143589647377303e-5,0,3.926343469574251e-8,0.12489999999999998,"Sheep, liver",pf_redm,0.11599700785915527,62.72308643071353,0,3.384866163394194e-5,5.0118542091353235e-5,NA
3500339000,0.5849917100084412,0,7.30654645800543e-4,0.12489999999999998,"Sheep, meat",pf_redm,0.11599700785915527,62.72308643071353,0,0.6298909422626756,0.932657723491727,NA
3500340000,0.003141284561462947,0,3.92346441726722e-6,0.12489999999999997,"Sheep, meat byproducts",pf_redm,0.11599700785915527,62.72308643071353,0,0.0033823841577285594,0.005008179189225546,NA
8000157000,2.7482305871368005,0,0.0020766247018654403,0.07556224399747105,Fish-freshwater finfish,pf_seafood,0.028410469103198863,18.10610666388044,0,7.309364355520705,15.178473418690272,NA
8000158000,0.7675709567249049,0,9.472181791936145e-4,0.1234046404302781,"Fish-freshwater finfish, farm raised",pf_seafood,0.028410469103198863,18.10610666388044,0,3.3340462480676285,4.239293244947678,NA
8000160000,7.362396281372818,0,0.007123649524919093,0.09675721399216496,"Fish-saltwater finfish, other",pf_seafood,0.028410469103198863,18.10610666388044,0,25.074029925528436,40.662503640608364,NA
8000159000,2.4351020383461126,0,0.0028932577399282513,0.11881464079810436,"Fish-saltwater finfish, tuna",pf_seafood,0.028410469103198863,18.10610666388044,0,10.183773204936227,13.449064912468764,NA
8000161000,3.5369305116569114,0,0.012890570036133909,0.3644564119552122,"Fish-shellfish, crustacean",pf_seafood,0.028410469103198863,18.10610666388044,0,45.37260539173041,19.534461921141077,NA
8000162000,1.2558762886428916,0,0.0024791489211585557,0.197403911800703,"Fish-shellfish, mollusc",pf_seafood,0.028410469103198863,18.10610666388044,0,8.7261808742166,6.9362028621438405,NA
3100047000,8.129929388996024,0,0.01965003933320339,0.2417,"Beef, fat",sat_fat,0.027409397591133734,19.414379391927508,0,71.69088363897386,41.87581392571552,NA
4000096000,4.462351374926704,0,0.0020348322269665774,0.04560000000000001,"Chicken, fat",sat_fat,0.027409397591133734,19.414379391927508,0,7.4238487737679995,22.984774763298116,NA
3200171000,0.001162443347326558,0,1.4518917408108705e-6,0.12489999999999997,"Goat, fat",sat_fat,0.027409397591133734,19.414379391927508,0,0.005297058193210791,0.005987538019422354,NA
3400293000,6.048902817666409,0,0.005341181187999439,0.0883,"Pork, fat",sat_fat,0.027409397591133734,19.414379391927508,0,19.48667850229288,31.156817818145356,NA
6000304000,0.032165464870794996,0,1.2769689553705613e-5,0.0397,"Poultry, other, fat",sat_fat,0.027409397591133734,19.414379391927508,0,0.046588727502118815,0.16567856340630382,NA
3500341000,0.1306782774458487,0,1.6321716852986498e-4,0.12489999999999997,"Sheep, fat",sat_fat,0.027409397591133734,19.414379391927508,0,0.5954788608074397,0.6731004623314649,NA
5000385000,0.6091896246744007,0,2.0590609313994742e-4,0.03379999999999999,"Turkey, fat",sat_fat,0.027409397591133734,19.414379391927508,0,0.7512244384624964,3.137826929083819,NA
401005000,0.004199469035724613,0.003937002220991825,4.66141062965432e-7,0.005729032258064514,"Amaranth, leafy",veg_dg,0.004778582412920169,17.279591716777535,13.086489282028012,0.009754798027655557,0.024303057066140974,0.030084479772574328
402018000,0.14737326173499535,0.055044244847859664,2.731858152781609e-5,0.013496155539606872,Arugula,veg_dg,0.004778582412920169,17.279591716777535,13.086489282028012,0.571687985414943,0.8528746752268689,0.4206188815166283
2201019000,1.16874380480781,1.5694560332415624,0.0026109502850645513,0.09535280255237066,Asparagus,veg_dg,0.004778582412920169,17.279591716777535,13.086489282028012,54.63859486874502,6.763723495116055,11.992949364937271
200051000,0.040728937323084725,0.038183381184128166,4.228478272882656e-6,0.005358451446964084,"Beet, garden, tops",veg_dg,0.004778582412920169,17.279591716777535,13.086489282028012,0.08848813115475082,0.2357054378983918,0.29177711730957756
500061000,8.692491380163519,6.9185133966889705,0.0011974776125313262,0.007670727346819524,Broccoli,veg_dg,0.004778582412920169,17.279591716777535,13.086489282028012,25.059264632407025,50.30495814159537,52.86760450100494
402062000,0.0042743434305798095,0.0034020286270610278,3.59044848168704e-7,0.004677272616187502,"Broccoli, Chinese",veg_dg,0.004778582412920169,17.279591716777535,13.086489282028012,0.007513626786009396,0.024736368200353118,0.025996495727338535
500064000,1.1021430678943,0.14130040631941823,9.420016801292582e-5,0.0075757499207989775,Brussels sprouts,veg_dg,0.004778582412920169,17.279591716777535,13.086489282028012,1.971299433033332,6.378293457154892,1.079742651174364
402070000,0.19418910606620715,0.06935326048889282,1.7045919730491664e-5,0.0064679997957473746,"Cabbage, Chinese, bok choy",veg_dg,0.004778582412920169,17.279591716777535,13.086489282028012,0.35671498903950016,1.1238061017243839,0.529960778588168
401104000,0.0028521173750349744,0.0026738598679682465,3.1658502862888223e-7,0.005729032435479715,"Chrysanthemum, garland",veg_dg,0.004778582412920169,17.279591716777535,13.086489282028012,0.006625082530185319,0.016505698871725802,0.020432216848565506
402117000,0.50565819090876,1.1443842788890493,6.81374412249554e-5,0.0041294356037578075,Collards,veg_dg,0.004778582412920169,17.279591716777535,13.086489282028012,1.4258923533625307,2.9263318207790388,8.74477680167942
401150000,0.7077752121800079,0.1598202009826122,9.11331363202978e-5,0.010504105362670471,Endive,veg_dg,0.004778582412920169,17.279591716777535,13.086489282028012,1.9071165556106162,4.09601814545651,1.2212610849121859
2201152000,0.049240291102646855,0.010476657807134117,3.19864931002794e-6,0.005356350865916455,"Fennel, Florence",veg_dg,0.004778582412920169,17.279591716777535,13.086489282028012,0.06693720090250072,0.2849621212683934,0.08005705412162727
9500177000,0.014373320029439359,0.03252909133652192,1.5954385232677688e-6,0.0034016130019823123,"Grape, leaves",veg_dg,0.004778582412920169,17.279591716777535,13.086489282028012,0.0333872765059796,0.08318090071239156,0.24857003765857122
402194000,0.592754421327375,1.0051053385834903,7.482309908558659e-5,0.004682707516819906,Kale,veg_dg,0.004778582412920169,17.279591716777535,13.086489282028012,1.565801164866016,3.430372841227741,7.680481120049709
2201196000,0.010839533126191228,0.002520821770690748,1.8111775900552926e-6,0.013556358375464884,Kohlrabi,veg_dg,0.004778582412920169,17.279591716777535,13.086489282028012,0.03790198501459956,0.06273026182480132,0.019262780997747444
402229000,0.3064558318929223,0.039003470349433286,3.673792512732353e-5,0.01063451610330359,Mustard greens,veg_dg,0.004778582412920169,17.279591716777535,13.086489282028012,0.7688038408209257,1.773513153064667,0.29804380310766526
2201243000,0.00483821110071799,0.010949636642099836,4.2576257686318306e-7,0.0026967740239126014,"Palm heart, leaves",veg_dg,0.004778582412920169,17.279591716777535,13.086489282028012,0.008909809229448897,0.02799956839269734,0.08367130714833682
401248000,0.09302863338599127,0.08721434379936682,5.665443773206869e-6,0.003143225806451613,"Parsley, leaves",veg_dg,0.004778582412920169,17.279591716777535,13.086489282028012,0.1185590889442198,0.5383728673152941,0.6664456900533313
401355000,3.4056140484081245,1.5136061604886009,5.254521915288895e-4,0.010681615565381187,Spinach,veg_dg,0.004778582412920169,17.279591716777535,13.086489282028012,10.995984711034588,19.708880303586458,11.566174302891703
401367000,0.046390773603726204,0.10498964112930709,2.932824707227571e-6,0.0019373871530209176,Swiss chard,veg_dg,0.004778582412920169,17.279591716777535,13.086489282028012,0.0613743669942345,0.2684714683315307,0.8022750706218196
402389000,0.14120382681969412,0.13237858764346325,1.1498025898175025e-5,0.0042027649769585005,"Turnip, greens",veg_dg,0.004778582412920169,17.279591716777535,13.086489282028012,0.24061583341300238,0.8171710832877663,1.0115668518161087
402398000,0.04442393506068231,0.041647439119389666,2.808481174536336e-6,0.0032629677419354847,Watercress,veg_dg,0.004778582412920169,17.279591716777535,13.086489282028012,0.05877226616292857,0.25708903189853216,0.31824760806234786
9500016000,0.11717489633557028,0.31956789590133083,7.29413729688925e-5,0.016701219634399172,"Artichoke, globe",veg_oth,0.011350260455018097,56.93031742053883,20.0413441956833,0.6426405214044597,0.20582161077727792,1.5945432241524122
2201022000,0.23420773763520364,0.3145075467791442,4.6864968300804254e-5,0.008540853450223087,"Bamboo, shoots",veg_oth,0.011350260455018097,56.93031742053883,20.0413441956833,0.4128977346954593,0.4113936971493298,1.5692936746572412
1901029000,0.032765289622930044,0.030717459021496914,4.106452290065735e-5,0.06468611359388947,"Basil, dried leaves",veg_oth,0.011350260455018097,56.93031742053883,20.0413441956833,0.36179366159392573,0.05755332326868297,0.1532704529275693
1901028000,0.003305395598145898,0.003098808373261779,3.668989113941947e-7,0.005729032258064516,"Basil, fresh leaves",veg_oth,0.011350260455018097,56.93031742053883,20.0413441956833,0.003232515349301821,0.00580603753485029,0.015462078506337065
9500054000,0.23497232058728088,0.053058263210352605,2.988988901262565e-5,0.010377331677258931,Belgium endive,veg_oth,0.011350260455018097,56.93031742053883,20.0413441956833,0.26334099672057254,0.412736712587711,0.26474403459315277
500069000,3.7994235011331874,1.3569370135401548,3.656945119840693e-4,0.00709210519596953,Cabbage,veg_oth,0.011350260455018097,56.93031742053883,20.0413441956833,3.2219041442559235,6.673814012079378,6.770688633911218
500072000,0.19416350638645058,0.06934411192012029,1.614663719109723e-5,0.006127578889317673,"Cabbage, Chinese, mustard",veg_oth,0.011350260455018097,56.93031742053883,20.0413441956833,0.14225785615305941,0.34105467031245107,0.3460052940713243
500071000,0.19417387564971156,0.0693478152285611,1.7044582804531677e-5,0.006467999938724209,"Cabbage, Chinese, napa",veg_oth,0.011350260455018097,56.93031742053883,20.0413441956833,0.15016908970574366,0.3410728842689698,0.34602377241491566
2201073000,0.7619264111079656,0.3189459538861342,1.893844287449959e-4,0.017521442390289046,Cactus,veg_oth,0.011350260455018097,56.93031742053883,20.0413441956833,1.6685469861730493,1.3383491356278374,1.5914399292380392
500083000,1.4348144703108165,2.917456041804844,3.0854250369563796e-4,0.0070892308471344045,Cauliflower,veg_oth,0.011350260455018097,56.93031742053883,20.0413441956833,2.7183737758125837,2.5202994385434017,14.557187448700343
2202085000,3.7485091892410742,0.8246720591181281,2.4350315693310017e-4,0.0053245901202902445,Celery,veg_oth,0.011350260455018097,56.93031742053883,20.0413441956833,2.1453530330702173,6.584381326299649,4.114854029081313
2202086000,0.09681614771999304,0.021299552498398468,2.807668283879798e-5,0.023770491803278684,"Celery, juice",veg_oth,0.011350260455018097,56.93031742053883,20.0413441956833,0.24736597851712658,0.17006079029003368,0.10627806343940828
101100000,0.0017145641854042068,3.9873584072257565e-4,1.9031662457986696e-7,0.009005660447024921,"Chicory, roots",veg_oth,0.011350260455018097,56.93031742053883,20.0413441956833,0.0016767599768666586,0.0030116891369828215,0.001989566352582574
200101000,0.23503718582612035,0.22034736171198782,2.989814026019746e-5,0.006565470967741934,"Chicory, tops",veg_oth,0.011350260455018097,56.93031742053883,20.0413441956833,0.2634136932688545,0.41285065054164916,1.0994639858510507
902102000,0.04429006575096596,0.012981571515235619,1.1446324592679641e-5,0.019986026485460023,Chinese waxgourd,veg_oth,0.011350260455018097,56.93031742053883,20.0413441956833,0.10084636064557509,0.07779697665094587,0.06477395622012078
302103000,0.003985924878969076,8.480691333617394e-4,4.424376615655675e-7,0.009152631559678671,"Chive, fresh leaves",veg_oth,0.011350260455018097,56.93031742053883,20.0413441956833,0.0038980397262157987,0.007001409898218956,0.004231598065884247
401118000,0.04381370385334271,0.04107534736250879,5.738718930710828e-6,0.0067602580645161284,"Cilantro, leaves",veg_oth,0.011350260455018097,56.93031742053883,20.0413441956833,0.050560240035493344,0.0769602311009353,0.2049530558501959
1902105000,0.03885260628380929,0,1.2032652166095736e-4,0.3097,Cinnamon,veg_oth,0.011350260455018097,56.93031742053883,20.0413441956833,1.06012123807925,0.0682458978698622,0
1902119000,0.006212852240043501,0,8.343860558378422e-6,0.1343,"Coriander, seed",veg_oth,0.011350260455018097,56.93031742053883,20.0413441956833,0.07351250300771286,0.010913082030001263,0
902135000,6.763008505132476,4.453689100151619,0.001664849803708462,0.014842602183767211,Cucumber,veg_oth,0.011350260455018097,56.93031742053883,20.0413441956833,14.667943615094844,11.87944984598413,22.222506917030536
401138000,0.0065372418113924715,0.00612866459041495,7.256338410645644e-7,0.0057290320806493295,"Dandelion, leaves",veg_oth,0.011350260455018097,56.93031742053883,20.0413441956833,0.006393102994775352,0.011482883123771275,0.030580107454743488
200140000,0.007773556668305125,0.0029034409061144675,1.173807056914074e-6,0.010993793421161125,"Dasheen, leaves",veg_oth,0.011350260455018097,56.93031742053883,20.0413441956833,0.010341675079316076,0.013654511375516497,0.014487256332536011
1902143000,0.03966311494319123,0,4.577123464444268e-5,0.1154,"Dill, seed",veg_oth,0.011350260455018097,56.93031742053883,20.0413441956833,0.40326153594305075,0.06966958334379832,0
401144000,0.03963150966920259,0.03715454031487742,4.399097573281487e-6,0.005729032258064517,Dillweed,veg_oth,0.011350260455018097,56.93031742053883,20.0413441956833,0.038757679532689396,0.06961406762665384,0.18538946266328846
802148000,0.4571891395219959,0.1579380638865669,9.784761964049755e-5,0.015906891956379288,Eggplant,veg_oth,0.011350260455018097,56.93031742053883,20.0413441956833,0.8620737826085554,0.8030679613900329,0.7880612315444646
301165000,0.4220581304613204,0.124698999229872,2.3006388691446575e-4,0.04207789426438856,"Garlic, bulb",veg_oth,0.011350260455018097,56.93031742053883,20.0413441956833,2.0269480848146664,0.7413591730810444,0.6222087601126619
103166000,0.013943406021183604,0.0032426527089853196,5.490467102149425e-5,0.31947214823089687,Ginger,veg_oth,0.011350260455018097,56.93031742053883,20.0413441956833,0.48373049445944816,0.02449205740095386,0.01617981647001379
103167000,0.010828244803479574,0.002518196362679427,1.808173949349683e-4,1.3547985765182533,"Ginger, dried",veg_oth,0.011350260455018097,56.93031742053883,20.0413441956833,1.5930682441302622,0.019020172895739124,0.012565007307353271
1901184000,0.0866578718599025,0.0812417600681309,9.619023776449177e-6,0.0057290320806493295,"Herbs, other",veg_oth,0.011350260455018097,56.93031742053883,20.0413441956833,0.08474716342034673,0.15221744017299088,0.4053708138280941
101190000,0.020441320583038436,0.00475379569834834,1.1855965938162293e-6,0.004705660337404771,Horseradish,veg_oth,0.011350260455018097,56.93031742053883,20.0413441956833,0.010445545267571915,0.03590586090016036,0.023719944390617562
302198000,0.05381239273272672,0.011449445399675625,1.3399285790448954e-5,0.020531578904144046,Leek,veg_oth,0.011350260455018097,56.93031742053883,20.0413441956833,0.11805267239065828,0.09452326136743575,0.05712912910373405
401204000,11.4421178148131,3.051231569845064,0.0013335788313164668,0.009201315692617729,"Lettuce, head",veg_oth,0.011350260455018097,56.93031742053883,20.0413441956833,11.749323608929823,20.09846130013867,15.224685230955057
401205000,1.34577603275055,0.502650376228404,1.8822023594049193e-4,0.010182728131679437,"Lettuce, leaf",veg_oth,0.011350260455018097,56.93031742053883,20.0413441956833,1.6582900162196483,2.363900455374999,2.508067180127916
1901220000,0.1065108538094195,0.09985393183698202,6.177629520946332e-6,0.002993548294393343,Marjoram,veg_oth,0.011350260455018097,56.93031742053883,20.0413441956833,0.05442720495647412,0.187089864654423,0.4982396932162341
2100228000,2.4107352066639094,0.09516059734479065,0.0011744860853345903,0.046868911446986586,Mushroom,veg_oth,0.011350260455018097,56.93031742053883,20.0413441956833,10.347657571288021,4.23453673875738,0.47482143121561315
802234000,0.5191977360910095,0.11013285720086295,5.239743552630467e-5,0.0083258999458816485,Okra,veg_oth,0.011350260455018097,56.93031742053883,20.0413441956833,0.4616408207896153,0.911988127970103,0.5495282957346964
2301235000,0.9868941829229327,0,1.0444597206128274e-4,0.0105833,Olive,veg_oth,0.011350260455018097,56.93031742053883,20.0413441956833,0.9202077121948846,1.7335125248518106,0
301237000,14.070006099401285,2.993618214244909,0.0018741248124402514,0.010983157962177288,"Onion, bulb",veg_oth,0.011350260455018097,56.93031742053883,20.0413441956833,16.511733980621358,24.714434657842308,14.93721271894379
301238000,0.4690444876244564,0,4.890070210177533e-4,0.10425600000000002,"Onion, bulb, dried",veg_oth,0.011350260455018097,56.93031742053883,20.0413441956833,4.3083330374287305,0.8238922754631235,0
302239000,0.6429042701694498,0.13678813780165966,1.664864898030807e-4,0.021352842236377095,"Onion, green",veg_oth,0.011350260455018097,56.93031742053883,20.0413441956833,1.4668076601667308,1.1292827781380126,0.6825297568170223
1901249000,0.01132997617069828,0.01062185333982821,5.032002874744999e-6,0.02292293165055796,"Parsley, dried leaves",veg_oth,0.011350260455018097,56.93031742053883,20.0413441956833,0.04433380973667688,0.0199014807646422,0.05299970519001439
101251000,0.04914384929614406,0.011428801693313078,3.249391315461045e-6,0.005364452871687277,Parsnip,veg_oth,0.011350260455018097,56.93031742053883,20.0413441956833,0.028628341422988642,0.08632280922153152,0.05702612350610057
1902274000,0.022955924112028847,0,1.2212551627599347e-4,0.532,"Pepper, black and white",veg_oth,0.011350260455018097,56.93031742053883,20.0413441956833,1.0759710471842097,0.04032284580894855,0
802272000,1.2300129938391817,0.5148891833817627,6.459290235847078e-4,0.03701806508221914,"Pepper, nonbell",veg_oth,0.011350260455018097,56.93031742053883,20.0413441956833,5.690874021301725,2.1605588192196312,2.56913497594969
802273000,0.09658409462952038,0,2.0430240368793186e-4,0.21152800000000002,"Pepper, nonbell, dried",veg_oth,0.011350260455018097,56.93031742053883,20.0413441956833,1.7999798726874776,0.16965318130243834,0
9500275000,9.622942321636094e-4,0,1.0681465977016066e-7,0.011100000000000002,Peppermint,veg_oth,0.011350260455018097,56.93031742053883,20.0413441956833,9.410767285338947e-4,0.0016903018914425395,0
401313000,0.25660782034818513,0.09164565342359525,3.133181486451341e-5,0.008996842020029918,Radicchio,veg_oth,0.011350260455018097,56.93031742053883,20.0413441956833,0.2760448977244501,0.4507401890150157,0.45728296729385437
101316000,0.017353865209611304,0.004035782788496567,1.2782857113399686e-6,0.005976188628504058,"Radish, Oriental, roots",veg_oth,0.011350260455018097,56.93031742053883,20.0413441956833,0.011262170735252352,0.03048264263383595,0.020137285947944717
101314000,0.12169431581084779,0.028301002516600195,7.834680051902381e-6,0.005223283059274455,"Radish, roots",veg_oth,0.011350260455018097,56.93031742053883,20.0413441956833,0.06902643408890734,0.21376012171494407,0.14121309549035108
2202322000,0.02670970935921856,0.005876136059028084,2.06038697997012e-6,0.006322950819672133,Rhubarb,veg_oth,0.011350260455018097,56.93031742053883,20.0413441956833,0.018152772688658402,0.0469164947068826,0.029320069560472613
101327000,0.19009085894911432,0.04420717848911697,1.3009818386477384e-5,0.00555267919813763,Rutabaga,veg_oth,0.011350260455018097,56.93031742053883,20.0413441956833,0.1146213202598851,0.33390092935005306,0.22057990750260523
1901334000,0.02991963140080195,0.02804965623342971,1.735338621246513e-6,0.002993548294393343,Savory,veg_oth,0.011350260455018097,56.93031742053883,20.0413441956833,0.015288976214455918,0.05255482975755867,0.13995895664259544
9500335000,0.14068930458978796,0,1.5616512809466465e-5,0.011100000000000002,Seaweed,veg_oth,0.011350260455018097,56.93031742053883,20.0413441956833,0.13758726393421397,0.24712545259589802,0
301338000,5.500433846242262e-4,1.1703050327078888e-4,7.498191419197451e-8,0.011240421121651707,"Shallot, bulb",veg_oth,0.011350260455018097,56.93031742053883,20.0413441956833,6.606184456218715e-4,9.661695376843029e-4,5.83945378753567e-4
1902354000,0.37463196715219427,0,4.323252900936322e-4,0.1154,"Spices, other",veg_oth,0.011350260455018097,56.93031742053883,20.0413441956833,3.8089459868076916,0.6580535365450778,0
902356000,2.6729246568694225,0.7834433850600008,5.107959019277467e-4,0.014778400208868055,"Squash, summer",veg_oth,0.011350260455018097,56.93031742053883,20.0413441956833,4.500301151256112,4.695081246648922,3.9091359212759116
801374000,0.46485908042278934,0.04980633137346766,1.0993917251998967e-4,0.021361290267454733,Tomatillo,veg_oth,0.011350260455018097,56.93031742053883,20.0413441956833,0.9686048435248387,0.8165404682164683,0.24851791819530464
103387000,0.007516971259690718,0.0017481329297568428,8.674584833683089e-6,0.09362641429939839,Turmeric,veg_oth,0.011350260455018097,56.93031742053883,20.0413441956833,0.07642630640998148,0.013203810553458832,0.008722633136221335
101388000,0.0748893007014896,0.017416117225932125,5.250488872181436e-6,0.005688169763024975,"Turnip, roots",veg_oth,0.011350260455018097,56.93031742053883,20.0413441956833,0.046258752325459875,0.13154555269433943,0.08690094364869687
101050000,0.6088327687162609,0.14158902235203152,3.9196653649952885e-5,0.005223282974519296,"Beet, garden, roots",veg_ro,0.014217816982005726,71.32347870982407,18.753460358527274,0.2756868631771019,0.8536218083154159,0.7550021150504654
101078000,9.154544380234656,1.8309088760469312,5.844261132341806e-4,0.005320000000000001,Carrot,veg_ro,0.014217816982005726,71.32347870982407,18.753460358527274,4.11051931512298,12.835246605790854,9.76304554489545
101079000,1.263158906293192,0.2526317812586384,8.06400645777574e-5,0.005320000000000001,"Carrot, juice",veg_ro,0.014217816982005726,71.32347870982407,18.753460358527274,0.5671761331561421,1.7710281791390035,1.3471208855797416
802270000,4.713570175009911,1.9731224876318663,0.0024957411362642474,0.03732399950438623,"Pepper, bell",veg_ro,0.014217816982005726,71.32347870982407,18.753460358527274,17.55361698228985,6.608721644364586,10.521378187864297
802271000,0.019561081248183513,0.00818835937390661,4.137716394265763e-5,0.14910990281266812,"Pepper, bell, dried",veg_ro,0.014217816982005726,71.32347870982407,18.753460358527274,0.29102332654179724,0.027425865370037224,0.04366319184492973
902308000,0.28027373336409883,8.408212000922964,7.294404184534036e-5,8.395483870967742e-4,Pumpkin,veg_ro,0.014217816982005726,71.32347870982407,18.753460358527274,0.5130467070835093,0.3929613900415292,44.835522832455375
103366000,2.5623191029312054,2.5623191029312054,5.698597684919e-5,0.001112,Sweet potato,veg_ro,0.014217816982005726,71.32347870982407,18.753460358527274,0.4008067970020452,3.59253243010744,13.663180308833557
801375000,29.392927000774666,3.1492419687049495,0.006951427235683208,0.021361290460395418,Tomato,veg_ro,0.014217816982005726,71.32347870982407,18.753460358527274,48.892366841414784,41.2107310698603,16.79285800325899
801378000,0.04134670231250127,0.0044300035238629765,1.5183336023196712e-4,0.33168258278504886,"Tomato, dried",veg_ro,0.014217816982005726,71.32347870982407,18.753460358527274,1.0679090919803624,0.057970675379867845,0.02362232590236946
801379000,3.946289247067191,0.42281675578091793,9.628945762843945e-4,0.022038709421485954,"Tomato, juice",veg_ro,0.014217816982005726,71.32347870982407,18.753460358527274,6.7724502116115834,5.5329455579732265,2.2546066043148216
801376000,1.6411307175051253,0,0.0012078722080837722,0.0736,"Tomato, paste",veg_ro,0.014217816982005726,71.32347870982407,18.753460358527274,8.495482883289837,2.3009684148777736,0
801377000,17.699524894367084,0,0.0015724784513590588,0.008884297520661156,"Tomato, puree",veg_ro,0.014217816982005726,71.32347870982407,18.753460358527274,11.05991484733001,24.815846358779968,0
103015000,4.000229951651195e-6,0,3.774616982378067e-8,0.9436,"Arrowroot, flour",veg_sta,0.0029028865762148,44.472314165247994,99.64111067506273,0.001300297784042239,8.99487698523477e-6,0
103082000,0.29828930843540197,0.06936961271740956,1.706214844250499e-4,0.04640754639927093,Cassava,veg_sta,0.0029028865762148,44.472314165247994,99.64111067506273,5.877649020911132,0.6707303499589284,0.06961946956174461
1500127000,5.890699103657682,94.25118565852291,0.0013100914806534686,0.0013082352941176472,"Corn, sweet",veg_sta,0.0029028865762148,44.472314165247994,99.64111067506273,45.130646556702665,13.245766977111462,94.59066144483597
103139000,0.18810281853922495,0.043744839727211486,2.840352559942297e-5,0.012250943490997864,"Dasheen, corm",veg_sta,0.0029028865762148,44.472314165247994,99.64111067506273,0.9784579884088879,0.42296611289505176,0.043902400756919244
2402283000,0.7199342813575449,0.5890371334021653,2.0621797555205515e-4,0.0157542000708939,Plantain,veg_sta,0.0029028865762148,44.472314165247994,99.64111067506273,7.103893663697729,1.6188370110052048,0.5911587390099057
2402284000,0.008719286947791824,0.00713396197685369,5.119982734317255e-6,0.0322961101453325,"Plantain, dried",veg_sta,0.0029028865762148,44.472314165247994,99.64111067506273,0.1763755696233031,0.01960610125974811,0.007159657222326721
103296000,2.2735026440690826,0,3.273843807459479e-4,0.0144,"Potato, chips",veg_sta,0.0029028865762148,44.472314165247994,99.64111067506273,11.277890890688488,5.112175263966061,0
103297000,1.5163136539276567,0,2.1834916616558255e-4,0.014399999999999998,"Potato, dry (granules/ flakes)",veg_sta,0.0029028865762148,44.472314165247994,99.64111067506273,7.521794614872535,3.4095676880978454,0
103298000,0.1363169937976886,0,1.9629647106867163e-5,0.014400000000000003,"Potato, flour",veg_sta,0.0029028865762148,44.472314165247994,99.64111067506273,0.6762113018023292,0.3065210262977743,0
103300000,22.32324286163964,3.016654549361673,1.4844956502990363e-4,5.858333308226192e-4,"Potato, tuber, w/o peel",veg_sta,0.0029028865762148,44.472314165247994,99.64111067506273,5.113860329447438,50.19582021005709,3.0275199954356324
103299000,10.1490729986472,1.371496400542409,5.074536499323601e-5,4.404761885884354e-4,"Potato, tuber, w/peel",veg_sta,0.0029028865762148,44.472314165247994,99.64111067506273,1.748100163782668,22.82110384662193,1.3764362834281962
902357000,0.6004047634338916,0.1759807135629551,1.5407587039240525e-4,0.01984527982006946,"Squash, winter",veg_sta,0.0029028865762148,44.472314165247994,99.64111067506273,5.307677938740254,1.3500641347399591,0.17661456438080228
103371000,0.002681006414286858,0.006067540578343334,4.048319685573156e-7,0.004627419489183146,"Tanier, corm",veg_sta,0.0029028865762148,44.472314165247994,99.64111067506273,0.013945841765722503,0.006028484158312313,0.006089394766112199
9500397000,0.29436989667976055,0.03977971719960497,2.1889345517106995e-4,0.06550761876687211,Water chestnut,veg_sta,0.0029028865762148,44.472314165247994,99.64111067506273,7.540544538136748,0.6619171999594077,0.03992299657249874
103407000,0.06050416960516653,0.06050416960516653,3.772313966542924e-5,0.031174000000000007,Yam bean,veg_sta,0.0029028865762148,44.472314165247994,99.64111067506273,1.2995044303321723,0.1360490694960199,0.060722094720998494
103406000,0.010156377866023034,0.010156377866023034,6.738959841663603e-6,0.033176000000000004,"Yam, true",veg_sta,0.0029028865762148,44.472314165247994,99.64111067506273,0.2321468533038871,0.022837529498205278,0.010192959308877795
